<?xml version="1.0" encoding="UTF-8"?>
<rss version="2.0" xmlns:atom="http://www.w3.org/2005/Atom">
  <channel>
    <title>前端行知录 - Articles</title>
    <description>前端路漫漫，行知方知行</description>
    <link>
    </link>
    
      
      <item>
        <title>源码指引之 - Umi</title>
        
          <description>&lt;h1 id=&quot;源码指引之---umi&quot;&gt;源码指引之 - Umi&lt;/h1&gt;
</description>
        
        <pubDate>Sat, 21 Aug 2021 12:00:00 +0800</pubDate>
        <link>
        /engineering/source-guide-umi.html</link>
        <guid isPermaLink="true">/engineering/source-guide-umi.html</guid>
      </item>
      
    
      
      <item>
        <title>源码指引之 - Webpack</title>
        
          <description>&lt;h1 id=&quot;源码指引之---webpack&quot;&gt;源码指引之 - Webpack&lt;/h1&gt;
</description>
        
        <pubDate>Fri, 20 Aug 2021 22:00:00 +0800</pubDate>
        <link>
        /engineering/source-guide-webpack.html</link>
        <guid isPermaLink="true">/engineering/source-guide-webpack.html</guid>
      </item>
      
    
      
      <item>
        <title>源码指引之 - Tapable</title>
        
          <description>&lt;h1 id=&quot;源码指引之---tapable&quot;&gt;源码指引之 - Tapable&lt;/h1&gt;
</description>
        
        <pubDate>Thu, 19 Aug 2021 22:00:00 +0800</pubDate>
        <link>
        /engineering/source-guide-tapable.html</link>
        <guid isPermaLink="true">/engineering/source-guide-tapable.html</guid>
      </item>
      
    
      
      <item>
        <title>源码指引之 - React</title>
        
          <description>&lt;h1 id=&quot;源码指引之---react&quot;&gt;源码指引之 - React&lt;/h1&gt;
</description>
        
        <pubDate>Wed, 18 Aug 2021 22:00:00 +0800</pubDate>
        <link>
        /react/source-guide-react.html</link>
        <guid isPermaLink="true">/react/source-guide-react.html</guid>
      </item>
      
    
      
      <item>
        <title>“跨界”有益</title>
        
          <description>&lt;p&gt;前几天参加面试，面试官问我，之前那些与前端无关的技术或项目经历，对自身的前端发展有何影响？&lt;/p&gt;
</description>
        
        <pubDate>Fri, 07 Sep 2018 22:00:00 +0800</pubDate>
        <link>
        /event/trans-boundary-gains.html</link>
        <guid isPermaLink="true">/event/trans-boundary-gains.html</guid>
      </item>
      
    
      
      <item>
        <title>Webpack 之按需/异步加载/Code Splitting</title>
        
          <description>&lt;p&gt;先看一段几乎无处不在的百度统计代码，Google 统计类似。&lt;/p&gt;
</description>
        
        <pubDate>Thu, 09 Aug 2018 08:00:00 +0800</pubDate>
        <link>
        /theory/lazyload.html</link>
        <guid isPermaLink="true">/theory/lazyload.html</guid>
      </item>
      
    
      
      <item>
        <title>requestAnimationFrame 与 requestIdleCallback</title>
        
          <description>&lt;p&gt;提到性能优化，有两个不得不提的 API：requestAnimationFrame 与 requestIdleCallback&lt;/p&gt;
</description>
        
        <pubDate>Fri, 03 Aug 2018 08:00:00 +0800</pubDate>
        <link>
        /javascript/js-performance-api.html</link>
        <guid isPermaLink="true">/javascript/js-performance-api.html</guid>
      </item>
      
    
      
      <item>
        <title>JavaScript AST 抽象语法树</title>
        
          <description>&lt;p&gt;先谈一谈背景，最近在尝试输出小程序的开发体系，对 &lt;a href=&quot;https://taro.aotu.io/&quot;&gt;Taro&lt;/a&gt; 的编译方式产生浓厚的兴趣，趁机补一补 AST 的相关知识。&lt;/p&gt;
</description>
        
        <pubDate>Fri, 20 Jul 2018 08:00:00 +0800</pubDate>
        <link>
        /theory/js-ast.html</link>
        <guid isPermaLink="true">/theory/js-ast.html</guid>
      </item>
      
    
      
      <item>
        <title>再谈前端架构/体系</title>
        
          <description>&lt;p&gt;大约两年前，曾经尝试对前端架构进行认知，有所得。随着实践的累积，蓦然间，对整个前端体系有了不一样的理解，记于此。&lt;/p&gt;
</description>
        
        <pubDate>Mon, 18 Jun 2018 08:00:00 +0800</pubDate>
        <link>
        /architecture/frontend-architecture.html</link>
        <guid isPermaLink="true">/architecture/frontend-architecture.html</guid>
      </item>
      
    
      
      <item>
        <title>前端技术概览 - 分享小纪</title>
        
          <description>&lt;p&gt;最近，在团队内部给小伙伴们做了一次分享，本文权当是主题剪影，以备查看。&lt;/p&gt;
</description>
        
        <pubDate>Fri, 27 Apr 2018 08:00:00 +0800</pubDate>
        <link>
        /architecture/share-about-frontend.html</link>
        <guid isPermaLink="true">/architecture/share-about-frontend.html</guid>
      </item>
      
    
      
      <item>
        <title>关于团队</title>
        
          <description>&lt;h1 id=&quot;关于团队&quot;&gt;关于团队&lt;/h1&gt;
</description>
        
        <pubDate>Thu, 06 Jul 2017 11:00:00 +0800</pubDate>
        <link>
        /event/about-team.html</link>
        <guid isPermaLink="true">/event/about-team.html</guid>
      </item>
      
    
      
      <item>
        <title>前端工程化的理解</title>
        
          <description>&lt;h1 id=&quot;前端工程化&quot;&gt;前端工程化&lt;/h1&gt;
</description>
        
        <pubDate>Wed, 28 Jun 2017 11:00:00 +0800</pubDate>
        <link>
        /architecture/front-end-engineering.html</link>
        <guid isPermaLink="true">/architecture/front-end-engineering.html</guid>
      </item>
      
    
      
      <item>
        <title>CSS 动画及其在 React 中的应用</title>
        
          <description>&lt;h1 id=&quot;css-动画及其在-react-中的应用&quot;&gt;CSS 动画及其在 React 中的应用&lt;/h1&gt;
</description>
        
        <pubDate>Fri, 31 Mar 2017 11:00:00 +0800</pubDate>
        <link>
        /react/react-animations.html</link>
        <guid isPermaLink="true">/react/react-animations.html</guid>
      </item>
      
    
      
      <item>
        <title>React 一叶知秋</title>
        
          <description>&lt;h1 id=&quot;react-一叶知秋&quot;&gt;React 一叶知秋&lt;/h1&gt;
</description>
        
        <pubDate>Tue, 28 Mar 2017 11:00:00 +0800</pubDate>
        <link>
        /react/react-tips.html</link>
        <guid isPermaLink="true">/react/react-tips.html</guid>
      </item>
      
    
      
      <item>
        <title>React 有状态组件及 key 属性的应用</title>
        
          <description>&lt;h1 id=&quot;react-有状态组件及-key-属性的应用&quot;&gt;React 有状态组件及 key 属性的应用&lt;/h1&gt;
</description>
        
        <pubDate>Fri, 24 Mar 2017 08:00:00 +0800</pubDate>
        <link>
        /react/react-stateful-component-key.html</link>
        <guid isPermaLink="true">/react/react-stateful-component-key.html</guid>
      </item>
      
    
      
      <item>
        <title>Living style guide</title>
        
          <description>&lt;h1 id=&quot;living-style-guide&quot;&gt;Living style guide&lt;/h1&gt;
</description>
        
        <pubDate>Mon, 06 Mar 2017 09:00:00 +0800</pubDate>
        <link>
        /architecture/living-style-guide.html</link>
        <guid isPermaLink="true">/architecture/living-style-guide.html</guid>
      </item>
      
    
      
      <item>
        <title>前端测试框架概览</title>
        
          <description>&lt;h1 id=&quot;前端测试框架概览&quot;&gt;前端测试框架概览&lt;/h1&gt;
</description>
        
        <pubDate>Fri, 17 Feb 2017 11:00:00 +0800</pubDate>
        <link>
        /test/front-end-test.html</link>
        <guid isPermaLink="true">/test/front-end-test.html</guid>
      </item>
      
    
      
      <item>
        <title>使用 VSCode 调试基于 ES6 的 electron 主进程</title>
        
          <description>&lt;h1 id=&quot;使用-vscode-调试-electron-主进程&quot;&gt;使用 VSCode 调试 electron 主进程&lt;/h1&gt;
</description>
        
        <pubDate>Sun, 22 Jan 2017 11:00:00 +0800</pubDate>
        <link>
        /architecture/electron-debug-vscode.html</link>
        <guid isPermaLink="true">/architecture/electron-debug-vscode.html</guid>
      </item>
      
    
      
      <item>
        <title>RHEL 6.5 安装 gcc</title>
        
          <description>&lt;h1 id=&quot;rhel-65-安装-gcc&quot;&gt;RHEL 6.5 安装 gcc&lt;/h1&gt;
</description>
        
        <pubDate>Wed, 11 Jan 2017 10:00:00 +0800</pubDate>
        <link>
        /ops/rhel65-gcc.html</link>
        <guid isPermaLink="true">/ops/rhel65-gcc.html</guid>
      </item>
      
    
      
      <item>
        <title>源码安装 apache（httpd）</title>
        
          <description>&lt;h1 id=&quot;源码安装-apachehttpd&quot;&gt;源码安装 apache（httpd）&lt;/h1&gt;
</description>
        
        <pubDate>Tue, 10 Jan 2017 10:00:00 +0800</pubDate>
        <link>
        /ops/apache-install.html</link>
        <guid isPermaLink="true">/ops/apache-install.html</guid>
      </item>
      
    
      
      <item>
        <title>web 扫描评估软件 - nikto</title>
        
          <description>&lt;h1 id=&quot;nikto&quot;&gt;nikto&lt;/h1&gt;
</description>
        
        <pubDate>Mon, 09 Jan 2017 10:00:00 +0800</pubDate>
        <link>
        /test/nikto.html</link>
        <guid isPermaLink="true">/test/nikto.html</guid>
      </item>
      
    
      
      <item>
        <title>分布式拒绝服务攻击 - DDOS</title>
        
          <description>&lt;h1 id=&quot;ddos&quot;&gt;DDOS&lt;/h1&gt;
</description>
        
        <pubDate>Sat, 07 Jan 2017 10:00:00 +0800</pubDate>
        <link>
        /test/ddos.html</link>
        <guid isPermaLink="true">/test/ddos.html</guid>
      </item>
      
    
      
      <item>
        <title>缓慢的 http 拒绝服务攻击测试 - slowhttptest</title>
        
          <description>&lt;h1 id=&quot;slowhttptest&quot;&gt;slowhttptest&lt;/h1&gt;
</description>
        
        <pubDate>Fri, 06 Jan 2017 10:00:00 +0800</pubDate>
        <link>
        /test/slowhttptest.html</link>
        <guid isPermaLink="true">/test/slowhttptest.html</guid>
      </item>
      
    
      
      <item>
        <title>基于 React + Redux 的组件测试</title>
        
          <description>&lt;h1 id=&quot;基于-react--redux-的组件测试&quot;&gt;基于 React + Redux 的组件测试&lt;/h1&gt;
</description>
        
        <pubDate>Thu, 10 Nov 2016 11:00:00 +0800</pubDate>
        <link>
        /react/react-test-component.html</link>
        <guid isPermaLink="true">/react/react-test-component.html</guid>
      </item>
      
    
      
      <item>
        <title>论前端的 “模块化” 与 “组件化”</title>
        
          <description>&lt;h1 id=&quot;论前端的-模块化-与-组件化&quot;&gt;论前端的 “模块化” 与 “组件化”&lt;/h1&gt;
</description>
        
        <pubDate>Tue, 08 Nov 2016 11:00:00 +0800</pubDate>
        <link>
        /architecture/components-module.html</link>
        <guid isPermaLink="true">/architecture/components-module.html</guid>
      </item>
      
    
      
      <item>
        <title>style 模块化思考</title>
        
          <description>&lt;h1 id=&quot;style-模块化思考&quot;&gt;style 模块化思考&lt;/h1&gt;
</description>
        
        <pubDate>Wed, 28 Sep 2016 11:00:00 +0800</pubDate>
        <link>
        /architecture/style-modular.html</link>
        <guid isPermaLink="true">/architecture/style-modular.html</guid>
      </item>
      
    
      
      <item>
        <title>github 与 npm 合作神器之 .npmignore</title>
        
          <description>&lt;h1 id=&quot;神奇的-npmignore&quot;&gt;神奇的 .npmignore&lt;/h1&gt;
</description>
        
        <pubDate>Tue, 20 Sep 2016 11:00:00 +0800</pubDate>
        <link>
        /architecture/npmignore.html</link>
        <guid isPermaLink="true">/architecture/npmignore.html</guid>
      </item>
      
    
      
      <item>
        <title>浏览器工作原理：现代 web 浏览器的幕后机制</title>
        
          <description>&lt;h1 id=&quot;浏览器工作原理现代-web-浏览器的幕后机制&quot;&gt;浏览器工作原理：现代 web 浏览器的幕后机制&lt;/h1&gt;
</description>
        
        <pubDate>Fri, 09 Sep 2016 09:00:00 +0800</pubDate>
        <link>
        /web/how-browsers-work.html</link>
        <guid isPermaLink="true">/web/how-browsers-work.html</guid>
      </item>
      
    
      
      <item>
        <title>React 源码概览二 （渲染模块）</title>
        
          <description>&lt;h1 id=&quot;react-源码概览二-渲染模块&quot;&gt;React 源码概览二 （渲染模块）&lt;/h1&gt;
</description>
        
        <pubDate>Thu, 08 Sep 2016 11:00:00 +0800</pubDate>
        <link>
        /react/react-source-code-render.html</link>
        <guid isPermaLink="true">/react/react-source-code-render.html</guid>
      </item>
      
    
      
      <item>
        <title>React 源码概览一 （核心接口）</title>
        
          <description>&lt;h1 id=&quot;react-源码概览一-核心接口&quot;&gt;React 源码概览一 （核心接口）&lt;/h1&gt;
</description>
        
        <pubDate>Wed, 07 Sep 2016 11:00:00 +0800</pubDate>
        <link>
        /react/react-source-code-core.html</link>
        <guid isPermaLink="true">/react/react-source-code-core.html</guid>
      </item>
      
    
      
      <item>
        <title>前端流行技术，拥抱还是抵制？</title>
        
          <description>&lt;h1 id=&quot;前端新技术&quot;&gt;前端新技术&lt;/h1&gt;
</description>
        
        <pubDate>Mon, 05 Sep 2016 23:00:00 +0800</pubDate>
        <link>
        /event/front-end-framework.html</link>
        <guid isPermaLink="true">/event/front-end-framework.html</guid>
      </item>
      
    
      
      <item>
        <title>react-redux 源码分析</title>
        
          <description>&lt;h1 id=&quot;react-redux-源码分析&quot;&gt;react-redux 源码分析&lt;/h1&gt;
</description>
        
        <pubDate>Tue, 30 Aug 2016 08:00:00 +0800</pubDate>
        <link>
        /architecture/react-redux-source-code.html</link>
        <guid isPermaLink="true">/architecture/react-redux-source-code.html</guid>
      </item>
      
    
      
      <item>
        <title>React Transaction 机制</title>
        
          <description>&lt;h1 id=&quot;react-transaction-机制&quot;&gt;React Transaction 机制&lt;/h1&gt;
</description>
        
        <pubDate>Fri, 26 Aug 2016 08:00:00 +0800</pubDate>
        <link>
        /react/react-transaction.html</link>
        <guid isPermaLink="true">/react/react-transaction.html</guid>
      </item>
      
    
      
      <item>
        <title>Redux 源码分析</title>
        
          <description>&lt;h1 id=&quot;redux-源码分析&quot;&gt;Redux 源码分析&lt;/h1&gt;
</description>
        
        <pubDate>Tue, 23 Aug 2016 08:00:00 +0800</pubDate>
        <link>
        /architecture/redux-source-code.html</link>
        <guid isPermaLink="true">/architecture/redux-source-code.html</guid>
      </item>
      
    
      
      <item>
        <title>Redux 最佳实践</title>
        
          <description>&lt;p&gt;本文的灵感来自于 Redux 官网的 issue： &lt;a href=&quot;https://github.com/reactjs/redux/issues/1171&quot;&gt;Recommendations for best practices regarding action-creators, reducers, and selectors&lt;/a&gt;。总结了讨论内容的基础上并不断完善，以期为 Redux 使用者提供思路，构建更为健壮的应用。&lt;/p&gt;
</description>
        
        <pubDate>Tue, 16 Aug 2016 08:00:00 +0800</pubDate>
        <link>
        /architecture/redux-best-practices.html</link>
        <guid isPermaLink="true">/architecture/redux-best-practices.html</guid>
      </item>
      
    
      
      <item>
        <title>JavaScript 继承和类</title>
        
          <description>&lt;h1 id=&quot;javascript-继承和类&quot;&gt;JavaScript 继承和类&lt;/h1&gt;
</description>
        
        <pubDate>Tue, 09 Aug 2016 08:00:00 +0800</pubDate>
        <link>
        /javascript/js-inherit-class.html</link>
        <guid isPermaLink="true">/javascript/js-inherit-class.html</guid>
      </item>
      
    
      
      <item>
        <title>JavaScript 函数编程</title>
        
          <description>&lt;h1 id=&quot;javascript-函数编程&quot;&gt;JavaScript 函数编程&lt;/h1&gt;
</description>
        
        <pubDate>Thu, 04 Aug 2016 08:00:00 +0800</pubDate>
        <link>
        /javascript/js-function.html</link>
        <guid isPermaLink="true">/javascript/js-function.html</guid>
      </item>
      
    
      
      <item>
        <title>理解 Redux</title>
        
          <description>&lt;h1 id=&quot;redux&quot;&gt;Redux&lt;/h1&gt;
</description>
        
        <pubDate>Mon, 01 Aug 2016 08:00:00 +0800</pubDate>
        <link>
        /architecture/redux.html</link>
        <guid isPermaLink="true">/architecture/redux.html</guid>
      </item>
      
    
      
      <item>
        <title>JavaScript 判等你真的清楚吗？</title>
        
          <description>&lt;h1 id=&quot;javascript-判等&quot;&gt;JavaScript 判等&lt;/h1&gt;
</description>
        
        <pubDate>Tue, 19 Jul 2016 08:00:00 +0800</pubDate>
        <link>
        /javascript/js-equality.html</link>
        <guid isPermaLink="true">/javascript/js-equality.html</guid>
      </item>
      
    
      
      <item>
        <title>JavaScript 异步编程思考</title>
        
          <description>&lt;h1 id=&quot;javascript-异步编程思考&quot;&gt;JavaScript 异步编程思考&lt;/h1&gt;
</description>
        
        <pubDate>Mon, 18 Jul 2016 08:00:00 +0800</pubDate>
        <link>
        /javascript/asynchronous-flow.html</link>
        <guid isPermaLink="true">/javascript/asynchronous-flow.html</guid>
      </item>
      
    
      
      <item>
        <title>B 计划 ？</title>
        
          <description>&lt;h1 id=&quot;plan-b&quot;&gt;Plan B&lt;/h1&gt;
</description>
        
        <pubDate>Fri, 15 Jul 2016 20:00:00 +0800</pubDate>
        <link>
        /event/plan-b.html</link>
        <guid isPermaLink="true">/event/plan-b.html</guid>
      </item>
      
    
      
      <item>
        <title>React 设计思想</title>
        
          <description>&lt;h1 id=&quot;react-设计思想&quot;&gt;React 设计思想&lt;/h1&gt;
</description>
        
        <pubDate>Thu, 14 Jul 2016 16:00:00 +0800</pubDate>
        <link>
        /react/react-theoretical-concepts.html</link>
        <guid isPermaLink="true">/react/react-theoretical-concepts.html</guid>
      </item>
      
    
      
      <item>
        <title>RN 应用 Android 版本首次安装后重新加载的问题</title>
        
          <description>&lt;h1 id=&quot;问题&quot;&gt;问题&lt;/h1&gt;
</description>
        
        <pubDate>Thu, 07 Jul 2016 10:00:00 +0800</pubDate>
        <link>
        /react-native/rn-android-reopen.html</link>
        <guid isPermaLink="true">/react-native/rn-android-reopen.html</guid>
      </item>
      
    
      
      <item>
        <title>XSS 漏洞检查 — xsscrapy</title>
        
          <description>&lt;h1 id=&quot;xsscrapy&quot;&gt;xsscrapy&lt;/h1&gt;
</description>
        
        <pubDate>Mon, 04 Jul 2016 10:00:00 +0800</pubDate>
        <link>
        /test/xss-xsscrapy.html</link>
        <guid isPermaLink="true">/test/xss-xsscrapy.html</guid>
      </item>
      
    
      
      <item>
        <title>Web 漏洞检查 — Wapiti</title>
        
          <description>&lt;h1 id=&quot;wapiti&quot;&gt;Wapiti&lt;/h1&gt;
</description>
        
        <pubDate>Mon, 04 Jul 2016 08:00:00 +0800</pubDate>
        <link>
        /test/web-audit-wapiti.html</link>
        <guid isPermaLink="true">/test/web-audit-wapiti.html</guid>
      </item>
      
    
      
      <item>
        <title>SQL 注入 — sqlmap</title>
        
          <description>&lt;h1 id=&quot;sqlmap&quot;&gt;sqlmap&lt;/h1&gt;
</description>
        
        <pubDate>Fri, 01 Jul 2016 08:00:00 +0800</pubDate>
        <link>
        /test/sql-injection-sqlmap.html</link>
        <guid isPermaLink="true">/test/sql-injection-sqlmap.html</guid>
      </item>
      
    
      
      <item>
        <title>aircrack-ng 对 wifi 渗透测试</title>
        
          <description>&lt;h1 id=&quot;aircrack-ng&quot;&gt;aircrack-ng&lt;/h1&gt;
</description>
        
        <pubDate>Wed, 29 Jun 2016 23:37:01 +0800</pubDate>
        <link>
        /test/aircrack-ng-for-wifi.html</link>
        <guid isPermaLink="true">/test/aircrack-ng-for-wifi.html</guid>
      </item>
      
    
      
      <item>
        <title>Nessus 填坑之旅</title>
        
          <description>&lt;h1 id=&quot;nessus&quot;&gt;Nessus&lt;/h1&gt;
</description>
        
        <pubDate>Wed, 29 Jun 2016 15:37:01 +0800</pubDate>
        <link>
        /test/nessus-issues.html</link>
        <guid isPermaLink="true">/test/nessus-issues.html</guid>
      </item>
      
    
      
      <item>
        <title>渗透测试</title>
        
          <description>&lt;h1 id=&quot;渗透测试&quot;&gt;渗透测试&lt;/h1&gt;
</description>
        
        <pubDate>Mon, 27 Jun 2016 10:37:01 +0800</pubDate>
        <link>
        /test/penetration-test.html</link>
        <guid isPermaLink="true">/test/penetration-test.html</guid>
      </item>
      
    
      
      <item>
        <title>问心</title>
        
          <description>&lt;h1 id=&quot;君子&quot;&gt;君子&lt;/h1&gt;
</description>
        
        <pubDate>Sat, 25 Jun 2016 22:11:00 +0800</pubDate>
        <link>
        /event/introspection.html</link>
        <guid isPermaLink="true">/event/introspection.html</guid>
      </item>
      
    
      
      <item>
        <title>ES6 module 解析</title>
        
          <description>&lt;h1 id=&quot;es6-module&quot;&gt;ES6 Module&lt;/h1&gt;
</description>
        
        <pubDate>Wed, 22 Jun 2016 15:37:01 +0800</pubDate>
        <link>
        /javascript/es6-module.html</link>
        <guid isPermaLink="true">/javascript/es6-module.html</guid>
      </item>
      
    
      
      <item>
        <title>Jekyll 尝鲜</title>
        
          <description>&lt;h1 id=&quot;jekyll-尝鲜&quot;&gt;Jekyll 尝鲜&lt;/h1&gt;
</description>
        
        <pubDate>Tue, 21 Jun 2016 15:37:01 +0800</pubDate>
        <link>
        /event/jekyll.html</link>
        <guid isPermaLink="true">/event/jekyll.html</guid>
      </item>
      
    
      
      <item>
        <title>重构 React Native 项目</title>
        
          <description>&lt;h1 id=&quot;refactor-for-ios&quot;&gt;Refactor for ios&lt;/h1&gt;
</description>
        
        <pubDate>Mon, 13 Jun 2016 15:37:01 +0800</pubDate>
        <link>
        /react-native/refactor-rn-project.html</link>
        <guid isPermaLink="true">/react-native/refactor-rn-project.html</guid>
      </item>
      
    
      
      <item>
        <title>React &amp; React Native的ES5 ES6写法对照</title>
        
          <description>&lt;h1 id=&quot;模块&quot;&gt;模块&lt;/h1&gt;
</description>
        
        <pubDate>Sun, 12 Jun 2016 15:37:01 +0800</pubDate>
        <link>
        /javascript/react-es5-es6-comparison.html</link>
        <guid isPermaLink="true">/javascript/react-es5-es6-comparison.html</guid>
      </item>
      
    
      
      <item>
        <title>JavaScript 编码规范</title>
        
          <description>&lt;h1 id=&quot;编码规范&quot;&gt;编码规范&lt;/h1&gt;
</description>
        
        <pubDate>Thu, 19 May 2016 15:37:01 +0800</pubDate>
        <link>
        /javascript/javascript-style.html</link>
        <guid isPermaLink="true">/javascript/javascript-style.html</guid>
      </item>
      
    
      
      <item>
        <title>BigPipe</title>
        
          <description>&lt;h1 id=&quot;bigpipe&quot;&gt;BigPipe&lt;/h1&gt;
</description>
        
        <pubDate>Tue, 17 May 2016 15:37:01 +0800</pubDate>
        <link>
        /architecture/bigpipe.html</link>
        <guid isPermaLink="true">/architecture/bigpipe.html</guid>
      </item>
      
    
      
      <item>
        <title>兼容多种模块规范</title>
        
          <description>&lt;h1 id=&quot;兼容多种模块规范&quot;&gt;兼容多种模块规范&lt;/h1&gt;
</description>
        
        <pubDate>Sun, 15 May 2016 15:37:01 +0800</pubDate>
        <link>
        /javascript/snippet-specification-compatible.html</link>
        <guid isPermaLink="true">/javascript/snippet-specification-compatible.html</guid>
      </item>
      
    
      
      <item>
        <title>APP调测平台GT</title>
        
          <description>&lt;h1 id=&quot;gt&quot;&gt;GT&lt;/h1&gt;
</description>
        
        <pubDate>Wed, 11 May 2016 15:37:01 +0800</pubDate>
        <link>
        /test/gt.html</link>
        <guid isPermaLink="true">/test/gt.html</guid>
      </item>
      
    
      
      <item>
        <title>Mobile APP KPIs</title>
        
          <description>&lt;h1 id=&quot;mobile-app-kpis&quot;&gt;Mobile APP KPIs&lt;/h1&gt;
</description>
        
        <pubDate>Fri, 06 May 2016 15:37:01 +0800</pubDate>
        <link>
        /architecture/app-kpi.html</link>
        <guid isPermaLink="true">/architecture/app-kpi.html</guid>
      </item>
      
    
      
      <item>
        <title>柯里化 Curry</title>
        
          <description>&lt;h1 id=&quot;柯里化-curry&quot;&gt;柯里化 Curry&lt;/h1&gt;
</description>
        
        <pubDate>Thu, 05 May 2016 15:37:01 +0800</pubDate>
        <link>
        /javascript/curry.html</link>
        <guid isPermaLink="true">/javascript/curry.html</guid>
      </item>
      
    
      
      <item>
        <title>React Native 项目打包</title>
        
          <description>&lt;h1 id=&quot;steps-to-release-ipa-file-for-react-native&quot;&gt;Steps to release ipa file for react native&lt;/h1&gt;
</description>
        
        <pubDate>Wed, 04 May 2016 15:37:01 +0800</pubDate>
        <link>
        /react-native/react-native-bundle.html</link>
        <guid isPermaLink="true">/react-native/react-native-bundle.html</guid>
      </item>
      
    
      
      <item>
        <title>立即执行函数表达式 IIFE</title>
        
          <description>&lt;h1 id=&quot;immediately-invoked-function-expression-iife&quot;&gt;Immediately-Invoked Function Expression (IIFE)&lt;/h1&gt;
</description>
        
        <pubDate>Sat, 23 Apr 2016 15:37:01 +0800</pubDate>
        <link>
        /javascript/IIFE.html</link>
        <guid isPermaLink="true">/javascript/IIFE.html</guid>
      </item>
      
    
  </channel>
</rss>
